{"cameraMode":{"drawMode":0,"name":"Shaded","section":"Shading Mode"},"sceneLighting":false,"audioPlay":false,"sceneViewState":{"m_AlwaysRefresh":false,"showFog":true,"showSkybox":false,"showFlares":true,"showImageEffects":true,"showParticleSystems":true,"showVisualEffectGraphs":true,"m_FxEnabled":true},"in2DMode":false,"pivot":{"x":0.17299625277519227,"y":0.0820000022649765,"z":-0.0032122558914124967},"rotation":{"x":0.07000848650932312,"y":-0.06370749324560166,"z":0.004472673404961824,"w":0.9954969882965088},"size":0.04599183425307274,"orthographic":false}