{"cameraMode":{"drawMode":0,"name":"Shaded","section":"Shading Mode"},"sceneLighting":false,"audioPlay":false,"sceneViewState":{"m_AlwaysRefresh":false,"showFog":true,"showSkybox":false,"showFlares":true,"showImageEffects":true,"showParticleSystems":true,"showVisualEffectGraphs":true,"m_FxEnabled":true},"in2DMode":false,"pivot":{"x":0.006710090208798647,"y":0.006100283935666084,"z":0.0336994007229805},"rotation":{"x":-0.556006133556366,"y":-0.0219316054135561,"z":0.01469030138105154,"w":-0.830754816532135},"size":0.05235689878463745,"orthographic":false}