{"cameraMode":{"drawMode":0,"name":"Shaded","section":"Shading Mode"},"sceneLighting":false,"audioPlay":false,"sceneViewState":{"m_AlwaysRefresh":false,"showFog":true,"showSkybox":false,"showFlares":true,"showImageEffects":true,"showParticleSystems":true,"showVisualEffectGraphs":true,"m_FxEnabled":true},"in2DMode":false,"pivot":{"x":-0.00002906098961830139,"y":0.004598911851644516,"z":-0.0002584792673587799},"rotation":{"x":-0.556006133556366,"y":-0.0219316054135561,"z":0.01469030138105154,"w":-0.830754816532135},"size":0.04984252527356148,"orthographic":false}