{"cameraMode":{"drawMode":0,"name":"Shaded","section":"Shading Mode"},"sceneLighting":false,"audioPlay":false,"sceneViewState":{"m_AlwaysRefresh":false,"showFog":true,"showSkybox":false,"showFlares":true,"showImageEffects":true,"showParticleSystems":true,"showVisualEffectGraphs":true,"m_FxEnabled":true},"in2DMode":false,"pivot":{"x":0.29299628734588625,"y":0.07999999821186066,"z":-0.0032122554257512094},"rotation":{"x":0.07000848650932312,"y":-0.06370749324560166,"z":0.004472673404961824,"w":0.9954969882965088},"size":0.8660253882408142,"orthographic":false}